"sha256","path","bytes"
"735891eda477949c96b5336c67101bf726175a3966136c0254ef812682fac3ae",".gitattributes","130"
"0653c8ef69419f74b82607b850c3399c741c88f1df807aee5bd655e27aa92c4e",".gitignore","1425"
"85e60fdaf776e3e26406aa69492ed1d629ea52ebd4d599198db07e7f79884f68","data_agent/__init__.py","27"
"0de009ee93d890514d845f4ffefe8716c2fbd6257fa5ad63ee486e377cb846d7","data_agent/api/__init__.py","322"
"d43a4ddb0ba0034eff614b4df39276750da086cbc4d6f03c7ffa7dcb9b18f6b6","data_agent/api/causal_routes.py","5011"
"a46b6107db159a20b7a501d9b37f673b1905c09b64b3a8b7a68520fac82d76c2","data_agent/api/causal_world_model_routes.py","5526"
"80a7964024a7b0eb0adbd4bb11f04e94d64a534b65e8fd132e9830623d1c943a","data_agent/api/helpers.py","1740"
"85c496905a8b74e72b757b8f2e9878d964953c67fc7c31dc55cfd0adc0cedf0f","data_agent/api/world_model_routes.py","9372"
"e67c6b43b6a04800c0b5683bc5504eafe274efa2773ea3f2c3105ddd3e114ce7","data_agent/causal_inference.py","48704"
"2f671fce2ee20bd7539609b377d112b446ed8bf79ef9b3fd3a32255770ab6395","data_agent/causal_world_model.py","44342"
"92770009bed4a1e9fbd701516176159a294e187fa004f38696062b340a089ab0","data_agent/custom_skills.py","33952"
"4f924e5bb562d058e5ff59ddcefb960fc042fc5721042aabfc2dd88b0f5d85ff","data_agent/data_catalog.py","64016"
"7689d6ac0b0e2fec12f51c01b411fb4d9cefb76f10b5c0b91198d639d5439367","data_agent/database_tools.py","24333"
"32ea4dad7b8262b5c79ba92540837e4742ee3726daa0d0869daddde003df7388","data_agent/db_engine.py","3157"
"1df933bba9176ac7cbccfcc33f754b744a0b0dfd28fcd0ea7b25011b042f5775","data_agent/embedding_store.py","17104"
"bb40af608b92e6ba1d72c96d46b6b3e833934a516d89e33e509e81ecb675c073","data_agent/experiments/__init__.py","76"
"9e15b2f439b8e6267c6b56141744da2c8ac62292636e3da001e941aaad63ff63","data_agent/experiments/common.py","7597"
"7864307e2a365f4896cf22f2f1fa94a0669afb910081bca173aeda25694bb95e","data_agent/experiments/fig_causal.py","13365"
"7d7234e2b8e5267babb50a073e82a2cb7cae63c8d0b47491e72d2c26e5e34c07","data_agent/experiments/fig_world_model.py","12362"
"0370c2af036cf6ea673dfa3417f336a67c71d791352fa053f6d5eebfc226fd7a","data_agent/experiments/output/chongqing_lulc_lst_results.json","647"
"6e2850112cb3443c5353d4d9c511215c4d83ff78c2b8071512dd0e793f3acb12","data_agent/experiments/output/chongqing_uhi_results.json","1547"
"f8d20a55fbb67768a278bb105f6c921e97548639cf933baa02223ca8488e4cbd","data_agent/experiments/output/fig_causal_cate_map.pdf","38600"
"db03e725ed34d5cc377dd6e5fa14c5c37b9f9b73ad91c8d4402b1b08ad0531c6","data_agent/experiments/output/fig_causal_cate_map.png","173363"
"63f9394bbbdf45a28eacd093d7d0b31485c832907e9748bcbc6ad6679a5dd2a5","data_agent/experiments/output/fig_causal_cross_validation_radar.pdf","24420"
"4a4d46c7bafe391bd087f4dab559162b28a6d79c160ae8cb7a7df42cede2d5ee","data_agent/experiments/output/fig_causal_cross_validation_radar.png","185728"
"03f5183cd69580cc4d1339835c0bc6e1f110ea394431693b8ccf0de2819f0612","data_agent/experiments/output/fig_causal_did_trends.pdf","21679"
"967aa76bb8baefe19ae7cf7a35d1b6e7b91a160c949aa34e72d711c4c0fe5141","data_agent/experiments/output/fig_causal_did_trends.png","76588"
"f0ad4a99aa44b0c1293c073b6d0cefd85f7d89c40879733c6d74d3a5a05447d2","data_agent/experiments/output/fig_causal_erf_curve.pdf","25260"
"ebf6a5943e803ac33fd95f69bef0137f03179b3bd26b486acbffd0327e407c5d","data_agent/experiments/output/fig_causal_erf_curve.png","105435"
"5fd4e28eafa0bea9248b42f6bd9f55306428ff41dfd08b5d17b0d6fdcdb98e2d","data_agent/experiments/output/fig_causal_framework_overview.pdf","31238"
"d87a5ed535fdb2bd753de146d9a4c16e5d6c76714032d8ba7987645047b017e4","data_agent/experiments/output/fig_causal_framework_overview.png","97222"
"3d328a9803279f3ca1ab8ef68a1230d26921028f8241dd590ef35a4b100d730a","data_agent/experiments/output/fig_causal_psm_balance.pdf","19940"
"854f4cd9723e5104aa33f06f8959c77ec9aa43a83f609458ff00fdb0141067d5","data_agent/experiments/output/fig_causal_psm_balance.png","56971"
"1630a5b0c5ec773e151908c7798cf88e55efc930d9c9e3543b5d2ac07ec9e036","data_agent/experiments/output/fig_causal_table2_synthetic.pdf","28821"
"2c7b202b1a970cc9e1115221c4ebe7f5914d07cce4b34cc4662321a448f79a28","data_agent/experiments/output/fig_causal_table2_synthetic.png","52640"
"877297bd19a005e69049d0c21a02446de03637613e5d11dfb8810ab4dae469ca","data_agent/experiments/output/synthetic_results.json","7043"
"8849afe1151f31478eeda51837e3d8ffb1cf8800e7ad34eac1d89373e2ff1d4e","data_agent/experiments/output/world_model_17areas.csv","1467"
"bd90a972522197b72c0843bca5381ac83cb5dcb674a3d5418942289b4a521ce6","data_agent/experiments/output/world_model_17areas.json","4766"
"62e9109813475c179c966cc25548a8b833771d8ef04fe0b9fd2a4a4b227877d9","data_agent/experiments/output/world_model_lulc_decode.json","2289"
"98c43b2fe4db073bc24b5a4ddad0c2f68924d71475203d774a427a8bf2ad4b2e","data_agent/experiments/output/world_model_rollout.json","516"
"4fbb416fdf73c909aed64a74ac8a1f0f44e543c009a5d0060c21d7fd285ae005","data_agent/experiments/run_causal.py","23585"
"b3762c493aae37ae8c9ff01c53334e342b9e6d896e371ab3585859b9b5f8887e","data_agent/experiments/run_world_model.py","14955"
"121beaa679727046cd63744368148d7d8c3348bd4fc2e1ec7842d698fdf331bd","data_agent/failure_learning.py","5567"
"fd200a55e940d70b2a166d6142ce0890f1e62be28f44b29929428af2741e412c","data_agent/gis_processors.py","49273"
"10e2f46cc97ef4c480999572774e636bea03912f18120c8c09fbac362967fafa","data_agent/i18n.py","1701"
"938d60154eb931cc0a9c3891e7ddb4e2d52a13a86a67b65748f5691aba5d643e","data_agent/llm_causal.py","34690"
"606d346d6f8cf3f813a8918f2e3837578797e528056fcfea6a272db88d9fef35","data_agent/locales/en.yaml","11476"
"a4184f0cb6ac9ecd27f41d844066ec2da59f14cfe285e0abbb77359e7b7ad7ec","data_agent/locales/zh.yaml","11360"
"c1d587af8f822958eac3d957ce124f8f5b51f30c7e1e7a3354add896bb147b42","data_agent/nl2sql_intent.py","11601"
"ae64a3c359304724b0628c9fde80dc7c96c5916c85593e19bdf07d95cc8b0023","data_agent/obs_storage.py","5607"
"afb039ee72cf6e3544af3132075e4bc7cf7188282bd72e7866a83314c703b6cf","data_agent/observability.py","23787"
"40fa15f19ab6de43568d9962da276f9dee90587d8bd4758f60cf720097ae04d4","data_agent/spatial_statistics.py","13046"
"2dbbd6eeec3c986172352244c6ae6245ce7f445df9ed86a33fecaf95b9df53d6","data_agent/standard_registry.py","17747"
"e88e4cbd16c12aa4ba49aeeebd04805a05aa8654d7bfa22967e5126be11c13e6","data_agent/storage_manager.py","20391"
"00cf2d660931ecbe5cd3ee10474ae9721a608c8024208edd8a96cf276fef91b9","data_agent/test_causal_inference.py","19562"
"6bf209e6bfd0bb13e059e34a6dbe1f47d5746be3dc7b936b831543137f0132f6","data_agent/test_causal_world_model.py","30806"
"4cf0427e27edf959c52be8f7b558518887371b1369afad2b557a54ad4fd008f4","data_agent/test_llm_causal.py","34424"
"e7ca5980d97be4b215dbb0db01b9405f2e27888d223154642e9566d4720a258d","data_agent/test_world_model.py","17570"
"a4f34a1716f988fb0bfb74baae1472baab68164e4b38e9ea31c94074ea33fcee","data_agent/toolsets/__init__.py","386"
"9a50e8e58eb819c8d0796b553002bb3d7361e9ec8eee6fd98c4338870c574de8","data_agent/toolsets/causal_inference_tools.py","1025"
"59d45c7ba44d1984f38853a45496db208854763026a92219751b1a7b2f9f9222","data_agent/toolsets/causal_world_model_tools.py","2109"
"6d4f2574ff13602b6cef405e47e995c1afbf0ada8b39ad2eed50de41a716e221","data_agent/toolsets/llm_causal_tools.py","899"
"69ed080b39d13e10f47c337ee03e58090a43b0beaacd70f8cb1108ba808932e1","data_agent/toolsets/world_model_tools.py","11737"
"72fd7a14a5269603d3762dcc44e696350875c2ba922c6aed6a60d258a5d6c77f","data_agent/uploads/anonymous/causal_forest_cate_12e2766a.csv","40414"
"82c93b0abed261f3d345ccfc60143c00cd569ab93c793efc5790182e11f034ba","data_agent/uploads/anonymous/causal_forest_cate_27f75483.csv","76393"
"72733fae06ef3de55b749b23188a863f6b66b4abc7a832e21699439be49cdeef","data_agent/uploads/anonymous/causal_forest_cate_318b5c61.csv","513523"
"72fd7a14a5269603d3762dcc44e696350875c2ba922c6aed6a60d258a5d6c77f","data_agent/uploads/anonymous/causal_forest_cate_387b793a.csv","40414"
"82c93b0abed261f3d345ccfc60143c00cd569ab93c793efc5790182e11f034ba","data_agent/uploads/anonymous/causal_forest_cate_5ba5b8a1.csv","76393"
"72fd7a14a5269603d3762dcc44e696350875c2ba922c6aed6a60d258a5d6c77f","data_agent/uploads/anonymous/causal_forest_cate_65050931.csv","40414"
"72fd7a14a5269603d3762dcc44e696350875c2ba922c6aed6a60d258a5d6c77f","data_agent/uploads/anonymous/causal_forest_cate_8e284cb3.csv","40414"
"72fd7a14a5269603d3762dcc44e696350875c2ba922c6aed6a60d258a5d6c77f","data_agent/uploads/anonymous/causal_forest_cate_a1ad90cb.csv","40414"
"82c93b0abed261f3d345ccfc60143c00cd569ab93c793efc5790182e11f034ba","data_agent/uploads/anonymous/causal_forest_cate_b3e2d4d2.csv","76393"
"82c93b0abed261f3d345ccfc60143c00cd569ab93c793efc5790182e11f034ba","data_agent/uploads/anonymous/causal_forest_cate_c9df9fc9.csv","76393"
"72fd7a14a5269603d3762dcc44e696350875c2ba922c6aed6a60d258a5d6c77f","data_agent/uploads/anonymous/causal_forest_cate_cebc5cdd.csv","40414"
"82c93b0abed261f3d345ccfc60143c00cd569ab93c793efc5790182e11f034ba","data_agent/uploads/anonymous/causal_forest_cate_ddfdc43c.csv","76393"
"ddd06f185e807157b1c22d06b3503ea1f5d61dea8d70c2ab3e9d0bb8dc0d95a5","data_agent/uploads/anonymous/causal_forest_plot_0986f755.png","68380"
"3ba10badbb4d01b7d4538da77ae2428af2b66449e8328007be11345f3d1ed285","data_agent/uploads/anonymous/causal_forest_plot_0c252447.png","48239"
"ddd06f185e807157b1c22d06b3503ea1f5d61dea8d70c2ab3e9d0bb8dc0d95a5","data_agent/uploads/anonymous/causal_forest_plot_44dd8c0b.png","68380"
"ddd06f185e807157b1c22d06b3503ea1f5d61dea8d70c2ab3e9d0bb8dc0d95a5","data_agent/uploads/anonymous/causal_forest_plot_68bf58d1.png","68380"
"ddd06f185e807157b1c22d06b3503ea1f5d61dea8d70c2ab3e9d0bb8dc0d95a5","data_agent/uploads/anonymous/causal_forest_plot_7e827ad2.png","68380"
"87d5fae57ec39102d9919b9bc94df5e9353abd6345f9542e7ab200740ab8f158","data_agent/uploads/anonymous/causal_forest_plot_87b422c5.png","49756"
"ddd06f185e807157b1c22d06b3503ea1f5d61dea8d70c2ab3e9d0bb8dc0d95a5","data_agent/uploads/anonymous/causal_forest_plot_8a01b880.png","68380"
"3ba10badbb4d01b7d4538da77ae2428af2b66449e8328007be11345f3d1ed285","data_agent/uploads/anonymous/causal_forest_plot_8a8cb0ea.png","48239"
"ddd06f185e807157b1c22d06b3503ea1f5d61dea8d70c2ab3e9d0bb8dc0d95a5","data_agent/uploads/anonymous/causal_forest_plot_9578d5d6.png","68380"
"3ba10badbb4d01b7d4538da77ae2428af2b66449e8328007be11345f3d1ed285","data_agent/uploads/anonymous/causal_forest_plot_9e07a909.png","48239"
"3ba10badbb4d01b7d4538da77ae2428af2b66449e8328007be11345f3d1ed285","data_agent/uploads/anonymous/causal_forest_plot_a7f35b43.png","48239"
"3ba10badbb4d01b7d4538da77ae2428af2b66449e8328007be11345f3d1ed285","data_agent/uploads/anonymous/causal_forest_plot_e7aca16e.png","48239"
"81e4053af4746c238a49ff2654177e36e77b2b4411ee379489dc7f8742a00782","data_agent/uploads/anonymous/did_parallel_trends_01ea803b.png","61814"
"6d8bfeebc7a678283ab16cbffaa69bc2c0cb3ee728ffe554c33d86c2309d4224","data_agent/uploads/anonymous/did_parallel_trends_13e16f48.png","87517"
"dda90e50a20dabf6e324dc1a12b8ad4a9f9657363f611d517653981d4f5acbff","data_agent/uploads/anonymous/did_parallel_trends_33052162.png","82498"
"81e4053af4746c238a49ff2654177e36e77b2b4411ee379489dc7f8742a00782","data_agent/uploads/anonymous/did_parallel_trends_3cf8dccb.png","61814"
"81e4053af4746c238a49ff2654177e36e77b2b4411ee379489dc7f8742a00782","data_agent/uploads/anonymous/did_parallel_trends_654d16d8.png","61814"
"6d8bfeebc7a678283ab16cbffaa69bc2c0cb3ee728ffe554c33d86c2309d4224","data_agent/uploads/anonymous/did_parallel_trends_7bfa8faa.png","87517"
"6d8bfeebc7a678283ab16cbffaa69bc2c0cb3ee728ffe554c33d86c2309d4224","data_agent/uploads/anonymous/did_parallel_trends_8d898535.png","87517"
"6d8bfeebc7a678283ab16cbffaa69bc2c0cb3ee728ffe554c33d86c2309d4224","data_agent/uploads/anonymous/did_parallel_trends_91672710.png","87517"
"81e4053af4746c238a49ff2654177e36e77b2b4411ee379489dc7f8742a00782","data_agent/uploads/anonymous/did_parallel_trends_91b43653.png","61814"
"81e4053af4746c238a49ff2654177e36e77b2b4411ee379489dc7f8742a00782","data_agent/uploads/anonymous/did_parallel_trends_c19e2470.png","61814"
"dda90e50a20dabf6e324dc1a12b8ad4a9f9657363f611d517653981d4f5acbff","data_agent/uploads/anonymous/did_parallel_trends_cf51f3c1.png","82498"
"32a7a9ff455796ca39b30758e9022c47ec6520635f68199d7bc0130a66e41123","data_agent/uploads/anonymous/erf_data_204ce5cf.csv","3749"
"8c72a3b66f06f8ec5df6106118f632b165ca914ff6168bbf79172ce8f96e1c39","data_agent/uploads/anonymous/erf_data_49bda9fb.csv","7591"
"32a7a9ff455796ca39b30758e9022c47ec6520635f68199d7bc0130a66e41123","data_agent/uploads/anonymous/erf_data_4b50becd.csv","3749"
"384a6b9ee3248e5a368c0b83240ed76d567a20ac2e0f034ec64b13be529135c7","data_agent/uploads/anonymous/erf_data_6b053317.csv","3828"
"32a7a9ff455796ca39b30758e9022c47ec6520635f68199d7bc0130a66e41123","data_agent/uploads/anonymous/erf_data_790ccc34.csv","3749"
"32a7a9ff455796ca39b30758e9022c47ec6520635f68199d7bc0130a66e41123","data_agent/uploads/anonymous/erf_data_7cc5a8d9.csv","3749"
"8c72a3b66f06f8ec5df6106118f632b165ca914ff6168bbf79172ce8f96e1c39","data_agent/uploads/anonymous/erf_data_95105050.csv","7591"
"384a6b9ee3248e5a368c0b83240ed76d567a20ac2e0f034ec64b13be529135c7","data_agent/uploads/anonymous/erf_data_afe22b67.csv","3828"
"384a6b9ee3248e5a368c0b83240ed76d567a20ac2e0f034ec64b13be529135c7","data_agent/uploads/anonymous/erf_data_bbb2e019.csv","3828"
"32a7a9ff455796ca39b30758e9022c47ec6520635f68199d7bc0130a66e41123","data_agent/uploads/anonymous/erf_data_da3dfe84.csv","3749"
"384a6b9ee3248e5a368c0b83240ed76d567a20ac2e0f034ec64b13be529135c7","data_agent/uploads/anonymous/erf_data_e3507d43.csv","3828"
"1e6002b1ca67b883a81d931d4ad52c0310974a3b09d64bf6bd502290c805018a","data_agent/uploads/anonymous/erf_plot_0569ac58.png","178117"
"e3a07b98a5a7c25cabab239121d7d089c6db1a266c1646617cd760f635b5fc73","data_agent/uploads/anonymous/erf_plot_0c6aaa54.png","99410"
"1e6002b1ca67b883a81d931d4ad52c0310974a3b09d64bf6bd502290c805018a","data_agent/uploads/anonymous/erf_plot_131843f5.png","178117"
"e3a07b98a5a7c25cabab239121d7d089c6db1a266c1646617cd760f635b5fc73","data_agent/uploads/anonymous/erf_plot_1f3f2f5f.png","99410"
"5c05b6de3fbf3fbeeccc7f8659aa171fb79687ea176d07c2f69661e09e6d1f9f","data_agent/uploads/anonymous/erf_plot_436d42cf.png","116815"
"5c05b6de3fbf3fbeeccc7f8659aa171fb79687ea176d07c2f69661e09e6d1f9f","data_agent/uploads/anonymous/erf_plot_95d08bea.png","116815"
"e3a07b98a5a7c25cabab239121d7d089c6db1a266c1646617cd760f635b5fc73","data_agent/uploads/anonymous/erf_plot_a80ac880.png","99410"
"1e6002b1ca67b883a81d931d4ad52c0310974a3b09d64bf6bd502290c805018a","data_agent/uploads/anonymous/erf_plot_c36276c0.png","178117"
"1e6002b1ca67b883a81d931d4ad52c0310974a3b09d64bf6bd502290c805018a","data_agent/uploads/anonymous/erf_plot_d9034feb.png","178117"
"1e6002b1ca67b883a81d931d4ad52c0310974a3b09d64bf6bd502290c805018a","data_agent/uploads/anonymous/erf_plot_e62d71e0.png","178117"
"e3a07b98a5a7c25cabab239121d7d089c6db1a266c1646617cd760f635b5fc73","data_agent/uploads/anonymous/erf_plot_f8f2785a.png","99410"
"62c4a10d840b18cd9a3ab80cd752a43fa0b21d18a2971467f9369c34c2d2a7d7","data_agent/uploads/anonymous/gccm_convergence_0f76da8a.csv","400"
"62c4a10d840b18cd9a3ab80cd752a43fa0b21d18a2971467f9369c34c2d2a7d7","data_agent/uploads/anonymous/gccm_convergence_2ac074db.csv","400"
"743ff4b6ba84d173907fb776fe42e8cba5f3d98190aafd79a867130a74f71d80","data_agent/uploads/anonymous/gccm_convergence_32b68eeb.csv","404"
"f8138319815bde58cee45ddca913351fb02fc0fcb37a23042d8756faf3f0bc20","data_agent/uploads/anonymous/gccm_convergence_36795a25.png","84120"
"283be834e879b08fbd6c597fef7fd1c9a3c76a27b379c7e948d9f87ce008d6d1","data_agent/uploads/anonymous/gccm_convergence_44ef6f24.png","78147"
"f8138319815bde58cee45ddca913351fb02fc0fcb37a23042d8756faf3f0bc20","data_agent/uploads/anonymous/gccm_convergence_5dc3803a.png","84120"
"283be834e879b08fbd6c597fef7fd1c9a3c76a27b379c7e948d9f87ce008d6d1","data_agent/uploads/anonymous/gccm_convergence_7981d6f1.png","78147"
"743ff4b6ba84d173907fb776fe42e8cba5f3d98190aafd79a867130a74f71d80","data_agent/uploads/anonymous/gccm_convergence_83f76c81.csv","404"
"283be834e879b08fbd6c597fef7fd1c9a3c76a27b379c7e948d9f87ce008d6d1","data_agent/uploads/anonymous/gccm_convergence_8fe86312.png","78147"
"f8138319815bde58cee45ddca913351fb02fc0fcb37a23042d8756faf3f0bc20","data_agent/uploads/anonymous/gccm_convergence_a9bfad59.png","84120"
"62c4a10d840b18cd9a3ab80cd752a43fa0b21d18a2971467f9369c34c2d2a7d7","data_agent/uploads/anonymous/gccm_convergence_aa09d2ef.csv","400"
"743ff4b6ba84d173907fb776fe42e8cba5f3d98190aafd79a867130a74f71d80","data_agent/uploads/anonymous/gccm_convergence_b4b9cca6.csv","404"
"743ff4b6ba84d173907fb776fe42e8cba5f3d98190aafd79a867130a74f71d80","data_agent/uploads/anonymous/gccm_convergence_ca44a44d.csv","404"
"283be834e879b08fbd6c597fef7fd1c9a3c76a27b379c7e948d9f87ce008d6d1","data_agent/uploads/anonymous/gccm_convergence_e20b1058.png","78147"
"eef7f11e1017302e00c4d1e806129a69b21f8b034d88d26c95930237e0375539","data_agent/uploads/anonymous/granger_heatmap_04ff25a0.png","42675"
"cfba8c192d576b115bd9016e8ccfa7af2630abfa97728a026d3a36cc56d7d745","data_agent/uploads/anonymous/granger_heatmap_36155fdb.png","45292"
"cfba8c192d576b115bd9016e8ccfa7af2630abfa97728a026d3a36cc56d7d745","data_agent/uploads/anonymous/granger_heatmap_404e9175.png","45292"
"cfba8c192d576b115bd9016e8ccfa7af2630abfa97728a026d3a36cc56d7d745","data_agent/uploads/anonymous/granger_heatmap_5d00af2d.png","45292"
"eef7f11e1017302e00c4d1e806129a69b21f8b034d88d26c95930237e0375539","data_agent/uploads/anonymous/granger_heatmap_7d0443e4.png","42675"
"eef7f11e1017302e00c4d1e806129a69b21f8b034d88d26c95930237e0375539","data_agent/uploads/anonymous/granger_heatmap_9f82f404.png","42675"
"eef7f11e1017302e00c4d1e806129a69b21f8b034d88d26c95930237e0375539","data_agent/uploads/anonymous/granger_heatmap_a38a2590.png","42675"
"cfba8c192d576b115bd9016e8ccfa7af2630abfa97728a026d3a36cc56d7d745","data_agent/uploads/anonymous/granger_heatmap_b9f4a3a7.png","45292"
"eef7f11e1017302e00c4d1e806129a69b21f8b034d88d26c95930237e0375539","data_agent/uploads/anonymous/granger_heatmap_ccbc6212.png","42675"
"6b954c2114d86386e691d02cf646fa8406935264fe5eae7c530886c2b8768fb8","data_agent/uploads/anonymous/psm_balance_1c4bc176.csv","107"
"6b954c2114d86386e691d02cf646fa8406935264fe5eae7c530886c2b8768fb8","data_agent/uploads/anonymous/psm_balance_283aebb8.csv","107"
"976c549e93a160617b7a8675055237fdec9b383f54ea04da017b49705a00bcf8","data_agent/uploads/anonymous/psm_balance_34122710.csv","82"
"976c549e93a160617b7a8675055237fdec9b383f54ea04da017b49705a00bcf8","data_agent/uploads/anonymous/psm_balance_448e5743.csv","82"
"4fb6d8856778aee6bc3107ec775c518eaaaa9dec95f2a08dab216ded5afe67e3","data_agent/uploads/anonymous/psm_balance_58039815.csv","100"
"6b954c2114d86386e691d02cf646fa8406935264fe5eae7c530886c2b8768fb8","data_agent/uploads/anonymous/psm_balance_5fa2d93b.csv","107"
"d1ad89868c2fec7a7a49be317c50c904c6f8c0ffcd656f2769db34ba08a26112","data_agent/uploads/anonymous/psm_balance_75407154.csv","79"
"7bd788af5715281deecd2306fccd10f0a85b920939d312cde6728ab4dd58d0ed","data_agent/uploads/anonymous/psm_balance_80bb5648.csv","134"
"6b954c2114d86386e691d02cf646fa8406935264fe5eae7c530886c2b8768fb8","data_agent/uploads/anonymous/psm_balance_bc13e483.csv","107"
"976c549e93a160617b7a8675055237fdec9b383f54ea04da017b49705a00bcf8","data_agent/uploads/anonymous/psm_balance_bfd5ac3f.csv","82"
"6b954c2114d86386e691d02cf646fa8406935264fe5eae7c530886c2b8768fb8","data_agent/uploads/anonymous/psm_balance_caf8822c.csv","107"
"976c549e93a160617b7a8675055237fdec9b383f54ea04da017b49705a00bcf8","data_agent/uploads/anonymous/psm_balance_e6ede2f0.csv","82"
"6b954c2114d86386e691d02cf646fa8406935264fe5eae7c530886c2b8768fb8","data_agent/uploads/anonymous/psm_balance_edd10d29.csv","107"
"cbb800293affff4c5e1a26e5c2b1e2aef83289aac9b7927fefe6b1f6d12a314d","data_agent/uploads/anonymous/psm_diagnostic_1073f92e.png","44717"
"5532790a6b3c97b987e42c082f81318dc26d7adfb3057143a2fb780117dbfecd","data_agent/uploads/anonymous/psm_diagnostic_22747288.png","46153"
"b67af63013603cefc0ad0612d88889f4f4039de149b572f8a6346e4469b26b06","data_agent/uploads/anonymous/psm_diagnostic_2a03fa92.png","45578"
"cbb800293affff4c5e1a26e5c2b1e2aef83289aac9b7927fefe6b1f6d12a314d","data_agent/uploads/anonymous/psm_diagnostic_3d55ba7e.png","44717"
"1430a191fac5ab44b968b7889ebb8e0fe3303647f7af99137aa099be2047145b","data_agent/uploads/anonymous/psm_diagnostic_4bfda0d4.png","45579"
"3d67ddfe7cd7d06d76fdb9df82733b0678624de3214d95e912ce0070989f10b5","data_agent/uploads/anonymous/psm_diagnostic_5888e0dc.png","48629"
"cbb800293affff4c5e1a26e5c2b1e2aef83289aac9b7927fefe6b1f6d12a314d","data_agent/uploads/anonymous/psm_diagnostic_58e883f3.png","44717"
"4a5a115459d75a899b61697c82e80c52c6ccb5dc8d807305c503cf3a3157caee","data_agent/uploads/anonymous/psm_diagnostic_865e3948.png","43000"
"1430a191fac5ab44b968b7889ebb8e0fe3303647f7af99137aa099be2047145b","data_agent/uploads/anonymous/psm_diagnostic_9a04fd27.png","45579"
"781151e307b781c0436be5d8c1862c10fd63e9dc8dba2467c4492d5152f3e7fb","data_agent/uploads/anonymous/psm_diagnostic_b416816a.png","52472"
"5532790a6b3c97b987e42c082f81318dc26d7adfb3057143a2fb780117dbfecd","data_agent/uploads/anonymous/psm_diagnostic_c1d8d01f.png","46153"
"b67af63013603cefc0ad0612d88889f4f4039de149b572f8a6346e4469b26b06","data_agent/uploads/anonymous/psm_diagnostic_cdd19650.png","45578"
"cbb800293affff4c5e1a26e5c2b1e2aef83289aac9b7927fefe6b1f6d12a314d","data_agent/uploads/anonymous/psm_diagnostic_e6c5b92f.png","44717"
"7e1d9a2e1fbad2bc217a53357a4780960c79d4dc6ff7ac4570bc45e0c793b20e","data_agent/uploads/anonymous/psm_matched_12c0e4c6.csv","485"
"5a0cb03f7ab77ba04418a3710e9e8378f07c609c8b87817c37f71446f1cbb3b3","data_agent/uploads/anonymous/psm_matched_280707e7.csv","87233"
"7e1d9a2e1fbad2bc217a53357a4780960c79d4dc6ff7ac4570bc45e0c793b20e","data_agent/uploads/anonymous/psm_matched_49f58500.csv","485"
"5d47bd307a29929cd440baa9be4a8ea50f5af6570b9fbf26113c562c44e24147","data_agent/uploads/anonymous/psm_matched_5156929b.csv","53171"
"5a0cb03f7ab77ba04418a3710e9e8378f07c609c8b87817c37f71446f1cbb3b3","data_agent/uploads/anonymous/psm_matched_5c7912de.csv","87233"
"5a0cb03f7ab77ba04418a3710e9e8378f07c609c8b87817c37f71446f1cbb3b3","data_agent/uploads/anonymous/psm_matched_6d1e793b.csv","87233"
"6fe4a22c98b8b3fb57b31f10d142df8639211e0dbd9e3f4a5f70e9ce68c06f0e","data_agent/uploads/anonymous/psm_matched_8457193c.csv","453259"
"5a0cb03f7ab77ba04418a3710e9e8378f07c609c8b87817c37f71446f1cbb3b3","data_agent/uploads/anonymous/psm_matched_9bf7e097.csv","87233"
"0045f68d15fbaaaf6b2dd734f30b0b9de4caebc8b8ab07c4b71bb99ea9cbdb69","data_agent/uploads/anonymous/psm_matched_a03b9461.csv","7441"
"ac60ad501db3665eabc3a25b229005686de5deff67fe0a40063f0c1502c71b9e","data_agent/uploads/anonymous/psm_matched_b8e8a049.csv","434945"
"3c184d6f38190057919e6f097736c5882c702701a5e6df183cd415effc4b7b75","data_agent/uploads/anonymous/psm_matched_c04413ec.csv","7441"
"3c184d6f38190057919e6f097736c5882c702701a5e6df183cd415effc4b7b75","data_agent/uploads/anonymous/psm_matched_e203af49.csv","7441"
"0045f68d15fbaaaf6b2dd734f30b0b9de4caebc8b8ab07c4b71bb99ea9cbdb69","data_agent/uploads/anonymous/psm_matched_f77764cc.csv","7441"
"0c7a2704253ee81607bdcbcd272d7e76ff28a20ab914353892e697f41acb8625","data_agent/user_context.py","2252"
"f1855b97e7999f198a98fa869c1f130d749ece2ef0ba8a451297a8bbea76e8fe","data_agent/utils.py","30923"
"e3b0c44298fc1c149afbf4c8996fb92427ae41e4649b934ca495991b7852b855","data_agent/weights/.gitkeep","0"
"96adecbddb7026c4097ffeb83fb142c52b70c861618a1e95ec2b1cdb6de53c20","data_agent/weights/alphaearth_local_118006a5-6c2e-459e-8d21-7658ef908399.pt","43979153"
"830195f8ecd1a3345cd242658669d09fd6f4223619535c9962f26d51f8d5201e","data_agent/weights/alphaearth_local_95abfd10-d4d8-4c08-b82a-179f9d949dc4.pt","43979153"
"308043d6495b80d614a6bd7067c940a057ddaa65430fc5c4e3af79e9431151ec","data_agent/weights/alphaearth_local_c4bcf469-66d7-4e57-9af3-32a5a4b76681.pt","43979153"
"4aa11f7264c489113161edf3721433afc18c57d7d343b4fc109a412edd65e1a7","data_agent/weights/alphaearth_local_f927d512-0655-41f1-8ba3-4f73cb998104.pt","43979153"
"321e4dbac55b46c266fc7d55de2767a4525e0d220630a91ac7a76ab6d0982fa2","data_agent/weights/alphaearth_local_test-job-9999.pt","43978693"
"ec00e2f395ef49784992cc48217f1b6600c5de92a2906227fc13dbbbeac2c400","data_agent/weights/latent_dynamics_v1.pt","1844661"
"e3dc6db3b8b17151ca3d0a22df3ef1229274a98e6b785e4c93b670c45385ffc0","data_agent/weights/latent_dynamics_val.pt","1242537"
"47b46b7ada03bc8211f137e25de08aa38a3bcdff0365ad9f795d31d6082ad1d4","data_agent/weights/local_alphaearth_encoder.pth","290551"
"e4f995bcf6c281f3ccdc96768e63e8c0de666c8092caec3eb4ffc7edb91c72b9","data_agent/weights/lulc_decoder_v1.pkl","4479"
"03e4550023eddce3b833c5591a3088e525ddd92d0594835aef24bc4b1ee088f4","data_agent/world_model.py","42117"
"bc90117f718558770b91aad2c792af983c6ce4cd7bfffe7fe0422a86caa1f38f","DATA_AVAILABILITY.md","6277"
"f6aa6cdc6a2073b768215318c66e3a57c6c7cec5820ab7dce9e2dcd23fc017ef","demos/demo_causal_inference.py","5081"
"619cbae9bf99e3a6e3e30f627073de6923f9a6da417cfd7a040d7989c9923122","demos/demo_world_model.py","2884"
"fc38e265f39f102fe99d1dea097d5cb0435b286e4e91691de2f3da2b3c68cd7a","docs/background/leworldmodel_analysis_for_adk.md","4334"
"3f4c8429f84392dd12b8ce0f399b66c0b98639c08ea505101198e2623cb5e0aa","docs/background/multimodal-semantic-fusion-plus-alphaearth-strategy.md","4402"
"53f215906e1385694c4bb9a2729a0db11327410188bb57af89e2feaa9a142bfe","docs/background/paper_review_epi_world_model_vs_alphaearth.md","10321"
"4c25b23cf1a8674df7f21545ec1d02ade9b5a3ef04e46beef48f460b382a677b","docs/background/tech_forum_post_world_model.md","6384"
"6354c7adbe652d5e9151498346ce047b2b8a40d0a4a2d4cfb905a1fa2f09251f","docs/background/world-model-technical-review.md","7366"
"6ab27c34fe3b5008406aea8ec990c5a1fba94292a5a3a8d905893aaf440d7ec0","docs/background/world-model-technical-review-v2.md","5754"
"1e5ab6030fbe3a3fe08d39b3a1ba209f44839a2ba424a125340a73fce2e0f694","docs/dita/tg-causal-inference.dita","2495"
"ce28e6cf93b49de111d7d92fc0504c9647537c255ba8ea037e4e3b0a1e809b63","LICENSE","11519"
"6be8544608dde7f9c3edd1a026449ab00724f08e7b16da7fb91f58dba706dc09","MANIFEST.md","1903"
"9613073ffe52f66a8b812999f40c8d22f1d3fde45e0b3b88bc7f390ac96da6ef","paper/figures/fig_causal_cate_map.pdf","38600"
"f053e538819593f056cacf32bf101e1e32bd029530ebcfa182a478f7c54288d4","paper/figures/fig_causal_cross_validation_radar.pdf","24420"
"f9e06185c96bdc08a8d13f90edce673531be50befd70c17c53962fd11e37d1f4","paper/figures/fig_causal_did_trends.pdf","21679"
"9e331047200103e047790a0f65834f5e766a3d9fe144d5b898fc4f2d8ef65b4f","paper/figures/fig_causal_erf_curve.pdf","25260"
"620e22796a7f1263abbd28fd2eb1b50c8ba9c6357f71f187473304269b68812e","paper/figures/fig_causal_framework_overview.pdf","31238"
"0545795f13d1024e5bbb5e4a9dd843fcff31f790f10ffb0626891de40f3c2a33","paper/figures/fig_causal_psm_balance.pdf","19940"
"8301b1f4950fadea4201ceafebd4d83131dea042aef3375964fda31af005d408","paper/figures/fig_causal_table2_synthetic.pdf","28979"
"0cd3cffeecd09293715909af0db1af0689ca6ac9adb6aabcd7ce617513b30148","paper/ijgis_submission_20260605/01_manuscript/01_manuscript_ijgis.tex","40156"
"9613073ffe52f66a8b812999f40c8d22f1d3fde45e0b3b88bc7f390ac96da6ef","paper/ijgis_submission_20260605/01_manuscript/figures/fig_causal_cate_map.pdf","38600"
"f053e538819593f056cacf32bf101e1e32bd029530ebcfa182a478f7c54288d4","paper/ijgis_submission_20260605/01_manuscript/figures/fig_causal_cross_validation_radar.pdf","24420"
"f9e06185c96bdc08a8d13f90edce673531be50befd70c17c53962fd11e37d1f4","paper/ijgis_submission_20260605/01_manuscript/figures/fig_causal_did_trends.pdf","21679"
"9e331047200103e047790a0f65834f5e766a3d9fe144d5b898fc4f2d8ef65b4f","paper/ijgis_submission_20260605/01_manuscript/figures/fig_causal_erf_curve.pdf","25260"
"0545795f13d1024e5bbb5e4a9dd843fcff31f790f10ffb0626891de40f3c2a33","paper/ijgis_submission_20260605/01_manuscript/figures/fig_causal_psm_balance.pdf","19940"
"0464a51f272eb5566042bcdd273b28464141f8dc047a42978a093d66a8ab42d8","paper/ijgis_submission_20260605/02_cover_letter/cover_letter_ijgis_draft.md","2267"
"6e737373d8aa9bb2eacc4368592fc01d366e3a6390f175404e3117d0a40ce232","paper/ijgis_submission_20260605/03_supplementary/supplementary_material_plan.md","1565"
"cbfaa432e4d89dd4ec4c5e5d9632dd574423c6a64cbc722f62cdd5ca08c43e6b","paper/ijgis_submission_20260605/04_admin/ijgis_submission_checklist.md","2237"
"0f071f80a02cd6109fa1099d135d064a9f483f852e16250cd2ac6b7115512bc9","paper/ijgis_submission_20260605/04_admin/title_page_declarations.md","1715"
"1251b1d3c2b12195fcf4253a5839ca4cc9d093c102f77b3369c016128b8c1a66","paper/ijgis_submission_20260605/05_internal_review/ijgis_readiness_notes.md","2567"
"2d418825912852a6382fef4076b8f12087a75b134bc2e1157e7c02686e58db95","paper/ijgis_submission_20260605/05_internal_review/ijgis_required_experiments.md","11011"
"a8c99d1209978e7a665e284ddb6bd2a1bf4e3ed308e8e1f091b3d978ac966846","paper/ijgis_submission_20260605/06_build/01_manuscript_ijgis.aux","16775"
"336cee267a68fc84e269001ce2f3a2b9049856e403c98a7edf3f853b80dcab87","paper/ijgis_submission_20260605/06_build/01_manuscript_ijgis.log","33861"
"8f8e07820ca7c65457253e861bccfa895f6d533fc245d9dc215ce4538b4b96df","paper/ijgis_submission_20260605/06_build/01_manuscript_ijgis.out","8898"
"3844d66203189f5476e1399789729e5e49c6855b13eb4eb38cae09bf2a458ba3","paper/ijgis_submission_20260605/06_build/01_manuscript_ijgis.pdf","500647"
"1faebef1c78654d09b68212e65f069780e7e696dfef7c4edfa1b00c639a92f40","paper/ijgis_submission_20260605/MANIFEST.md","1758"
"c545c271a35cfe8d6cc48ac38ea25be3f806114c738afe4ef51a6f0f8b2c01a5","paper/ijgis_submission_20260605/README.md","2380"
"dcd578eb3054b7094cf5de25b098990edf00e79ffc22c1b512bc94b32eaa2bab","README.md","13105"
"97d73dd22c5f9e34db14984cdf0e424d5eca76af734cc6ccd24508a71baaf6ab","REPRODUCIBILITY.md","5368"
"064ee9ab6eda5aa2676d5182c4e62e9e9aa1a89eeb2bcf179bf290e317d51698","requirements.txt","466"
"92296102a29d952d5d941377a00b46f3bf856b609b2e5eb8ff6ff3c9cc3de9d8","scripts/causal_case_study.py","17589"
"440181403f206bd65fb77750d2ae9326f3fe54b8823a3e4fb6d7a08ee6d40ab8","scripts/causal_case_study_results.json","1170"
"355d1bd5725d93cc86d579e9db00ab13c99ff24b46b37c32f54125f73d5eb3ec","scripts/compute_final_stats.py","4648"
"3b19cc4a8730fd15e8a3d35f0148628620670fc5a9f04527302ccd8ed9252e98","scripts/compute_paper_stats.py","3502"
"93cf53115176a4dafe16f57936474c68bcd1c006909071b3dc16d9d2666c949c","scripts/extract_docx.py","836"
"44a3d2019a47fd53a440645dd3292dc78a5705dbe56f7f035342a586b205bc46","scripts/extract_docx_full.py","3169"
"a8b2cd5ece5693956cab225214dc0a12a01289fd1254f059b3f4fadcdbddcf30","scripts/generate_paper_docx.py","46222"
"d56fc9897933f101742726ac6930b9e7902a4640db1b29435aa797a69f0f0838","scripts/md_to_docx.py","8841"
"690b1dd4f21fc0d2a1035b43ef6b7c1a03bf9035c486b8e921a044c256d0f36f","scripts/phase0_alphaearth_validation.py","26539"
"d99a8b8bc6c8682b3f6942c037b4ecbb3d6c0d1cfb1dc6014d483ed507103fff","scripts/phase0_results/phase0_report.png","161846"
"d3c2299a510ad4d288e3337d1e8b4ec80fafa188d23b3d7635cad7ce2ca06d6f","scripts/phase0_results/phase0_results.json","15748"
"8a070fecfd80a6d429fe455ae56b14df3ceaa249287a495d4421f5c66518cae1","scripts/test_local_alphaearth.py","4685"
"1ad196c5083d4faf2dac5f87054ab716f5b222d030e1ab4ff73c7111d700638e","scripts/tex_to_docx.py","4925"
"3a981f91e550fa9b4415687b2dc8fa8607093275c4ec8af327e65f8434c4fd49","scripts/train_local_alphaearth.py","9578"
